"ip";"port";"protocol";"cpe";"cve";"type";"exploit";"cvss";"url"
"91.236.136.166";"25";"tcp";"a:exim:exim:4.97.1";"CHAINGUARD:CVE-2023-51766";"cgr";"False";"5.0";"http://vulners.com/cgr/CHAINGUARD:CVE-2023-51766"
"91.236.136.166";"25";"tcp";"a:exim:exim:4.97.1";"CHAINGUARD:GHSA-W6WW-869J-CGM6";"cgr";"False";"0.0";"http://vulners.com/cgr/CHAINGUARD:GHSA-W6WW-869J-CGM6"
"91.236.136.166";"465";"tcp";"a:exim:exim:4.97.1";"CHAINGUARD:CVE-2023-51766";"cgr";"False";"5.0";"http://vulners.com/cgr/CHAINGUARD:CVE-2023-51766"
"91.236.136.166";"465";"tcp";"a:exim:exim:4.97.1";"CHAINGUARD:GHSA-W6WW-869J-CGM6";"cgr";"False";"0.0";"http://vulners.com/cgr/CHAINGUARD:GHSA-W6WW-869J-CGM6"
"91.236.136.166";"587";"tcp";"a:exim:exim:4.97.1";"CHAINGUARD:CVE-2023-51766";"cgr";"False";"5.0";"http://vulners.com/cgr/CHAINGUARD:CVE-2023-51766"
"91.236.136.166";"587";"tcp";"a:exim:exim:4.97.1";"CHAINGUARD:GHSA-W6WW-869J-CGM6";"cgr";"False";"0.0";"http://vulners.com/cgr/CHAINGUARD:GHSA-W6WW-869J-CGM6"
"91.236.136.166";"3306";"tcp";"a:mysql:mysql:8.0.26";"PRION:CVE-2022-21256";"prion";"False";"6.8";"http://vulners.com/prion/PRION:CVE-2022-21256"
"91.236.136.166";"3306";"tcp";"a:mysql:mysql:8.0.26";"PRION:CVE-2022-21253";"prion";"False";"6.8";"http://vulners.com/prion/PRION:CVE-2022-21253"
"91.236.136.166";"3306";"tcp";"a:mysql:mysql:8.0.26";"PRION:CVE-2021-35638";"prion";"False";"6.8";"http://vulners.com/prion/PRION:CVE-2021-35638"
"91.236.136.166";"3306";"tcp";"a:mysql:mysql:8.0.26";"PRION:CVE-2021-35637";"prion";"False";"6.8";"http://vulners.com/prion/PRION:CVE-2021-35637"
"91.236.136.166";"3306";"tcp";"a:mysql:mysql:8.0.26";"PRION:CVE-2022-21368";"prion";"False";"6.5";"http://vulners.com/prion/PRION:CVE-2022-21368"
"91.236.136.166";"3306";"tcp";"a:mysql:mysql:8.0.26";"PRION:CVE-2022-21254";"prion";"False";"6.3";"http://vulners.com/prion/PRION:CVE-2022-21254"
"91.236.136.166";"3306";"tcp";"a:mysql:mysql:8.0.26";"PRION:CVE-2022-21600";"prion";"False";"5.8";"http://vulners.com/prion/PRION:CVE-2022-21600"
"91.236.136.166";"3306";"tcp";"a:mysql:mysql:8.0.26";"PRION:CVE-2022-21479";"prion";"False";"5.5";"http://vulners.com/prion/PRION:CVE-2022-21479"
"91.236.136.166";"3306";"tcp";"a:mysql:mysql:8.0.26";"PRION:CVE-2022-21478";"prion";"False";"5.5";"http://vulners.com/prion/PRION:CVE-2022-21478"
"91.236.136.166";"3306";"tcp";"a:mysql:mysql:8.0.26";"PRION:CVE-2022-21425";"prion";"False";"5.5";"http://vulners.com/prion/PRION:CVE-2022-21425"
"91.236.136.166";"3306";"tcp";"a:mysql:mysql:8.0.26";"PRION:CVE-2022-21378";"prion";"False";"5.5";"http://vulners.com/prion/PRION:CVE-2022-21378"
"91.236.136.166";"3306";"tcp";"a:mysql:mysql:8.0.26";"PRION:CVE-2022-21367";"prion";"False";"5.5";"http://vulners.com/prion/PRION:CVE-2022-21367"
"91.236.136.166";"3306";"tcp";"a:mysql:mysql:8.0.26";"PRION:CVE-2022-21351";"prion";"False";"5.5";"http://vulners.com/prion/PRION:CVE-2022-21351"
"91.236.136.166";"3306";"tcp";"a:mysql:mysql:8.0.26";"PRION:CVE-2022-21301";"prion";"False";"5.5";"http://vulners.com/prion/PRION:CVE-2022-21301"
"91.236.136.166";"3306";"tcp";"a:mysql:mysql:8.0.26";"PRION:CVE-2022-21278";"prion";"False";"5.5";"http://vulners.com/prion/PRION:CVE-2022-21278"
"91.236.136.166";"3306";"tcp";"a:mysql:mysql:8.0.26";"PRION:CVE-2022-21265";"prion";"False";"5.5";"http://vulners.com/prion/PRION:CVE-2022-21265"
"91.236.136.166";"3306";"tcp";"a:mysql:mysql:8.0.26";"PRION:CVE-2021-35612";"prion";"False";"5.5";"http://vulners.com/prion/PRION:CVE-2021-35612"
"91.236.136.166";"3306";"tcp";"a:mysql:mysql:8.0.26";"PRION:CVE-2021-35610";"prion";"False";"5.5";"http://vulners.com/prion/PRION:CVE-2021-35610"
"91.236.136.166";"3306";"tcp";"a:mysql:mysql:8.0.26";"PRION:CVE-2022-21352";"prion";"False";"4.9";"http://vulners.com/prion/PRION:CVE-2022-21352"
"91.236.136.166";"3306";"tcp";"a:mysql:mysql:8.0.26";"PRION:CVE-2021-35602";"prion";"False";"4.9";"http://vulners.com/prion/PRION:CVE-2021-35602"
"91.236.136.166";"3306";"tcp";"a:mysql:mysql:8.0.26";"PRION:CVE-2024-20969";"prion";"False";"4.7";"http://vulners.com/prion/PRION:CVE-2024-20969"
"91.236.136.166";"3306";"tcp";"a:mysql:mysql:8.0.26";"PRION:CVE-2024-20967";"prion";"False";"4.7";"http://vulners.com/prion/PRION:CVE-2024-20967"
"91.236.136.166";"3306";"tcp";"a:mysql:mysql:8.0.26";"PRION:CVE-2023-21880";"prion";"False";"4.7";"http://vulners.com/prion/PRION:CVE-2023-21880"
"91.236.136.166";"3306";"tcp";"a:mysql:mysql:8.0.26";"PRION:CVE-2023-21877";"prion";"False";"4.7";"http://vulners.com/prion/PRION:CVE-2023-21877"
"91.236.136.166";"3306";"tcp";"a:mysql:mysql:8.0.26";"PRION:CVE-2022-21635";"prion";"False";"4.7";"http://vulners.com/prion/PRION:CVE-2022-21635"
"91.236.136.166";"3306";"tcp";"a:mysql:mysql:8.0.26";"PRION:CVE-2023-21980";"prion";"False";"4.6";"http://vulners.com/prion/PRION:CVE-2023-21980"
"91.236.136.166";"3306";"tcp";"a:mysql:mysql:8.0.26";"PRION:CVE-2022-21318";"prion";"False";"4.6";"http://vulners.com/prion/PRION:CVE-2022-21318"
"91.236.136.166";"3306";"tcp";"a:mysql:mysql:8.0.26";"PRION:CVE-2022-21316";"prion";"False";"4.6";"http://vulners.com/prion/PRION:CVE-2022-21316"
"91.236.136.166";"3306";"tcp";"a:mysql:mysql:8.0.26";"PRION:CVE-2024-20985";"prion";"False";"4.0";"http://vulners.com/prion/PRION:CVE-2024-20985"
"91.236.136.166";"3306";"tcp";"a:mysql:mysql:8.0.26";"PRION:CVE-2024-20977";"prion";"False";"4.0";"http://vulners.com/prion/PRION:CVE-2024-20977"
"91.236.136.166";"3306";"tcp";"a:mysql:mysql:8.0.26";"PRION:CVE-2024-20973";"prion";"False";"4.0";"http://vulners.com/prion/PRION:CVE-2024-20973"
"91.236.136.166";"3306";"tcp";"a:mysql:mysql:8.0.26";"PRION:CVE-2024-20963";"prion";"False";"4.0";"http://vulners.com/prion/PRION:CVE-2024-20963"
"91.236.136.166";"3306";"tcp";"a:mysql:mysql:8.0.26";"PRION:CVE-2024-20961";"prion";"False";"4.0";"http://vulners.com/prion/PRION:CVE-2024-20961"
"91.236.136.166";"3306";"tcp";"a:mysql:mysql:8.0.26";"PRION:CVE-2023-22079";"prion";"False";"4.0";"http://vulners.com/prion/PRION:CVE-2023-22079"
"91.236.136.166";"3306";"tcp";"a:mysql:mysql:8.0.26";"PRION:CVE-2023-22059";"prion";"False";"4.0";"http://vulners.com/prion/PRION:CVE-2023-22059"
"91.236.136.166";"3306";"tcp";"a:mysql:mysql:8.0.26";"PRION:CVE-2022-39410";"prion";"False";"4.0";"http://vulners.com/prion/PRION:CVE-2022-39410"
"91.236.136.166";"3306";"tcp";"a:mysql:mysql:8.0.26";"PRION:CVE-2022-39408";"prion";"False";"4.0";"http://vulners.com/prion/PRION:CVE-2022-39408"
"91.236.136.166";"3306";"tcp";"a:mysql:mysql:8.0.26";"PRION:CVE-2022-21592";"prion";"False";"4.0";"http://vulners.com/prion/PRION:CVE-2022-21592"
"91.236.136.166";"3306";"tcp";"a:mysql:mysql:8.0.26";"PRION:CVE-2022-21489";"prion";"False";"4.0";"http://vulners.com/prion/PRION:CVE-2022-21489"
"91.236.136.166";"3306";"tcp";"a:mysql:mysql:8.0.26";"PRION:CVE-2022-21483";"prion";"False";"4.0";"http://vulners.com/prion/PRION:CVE-2022-21483"
"91.236.136.166";"3306";"tcp";"a:mysql:mysql:8.0.26";"PRION:CVE-2022-21482";"prion";"False";"4.0";"http://vulners.com/prion/PRION:CVE-2022-21482"
"91.236.136.166";"3306";"tcp";"a:mysql:mysql:8.0.26";"PRION:CVE-2022-21454";"prion";"False";"4.0";"http://vulners.com/prion/PRION:CVE-2022-21454"
"91.236.136.166";"3306";"tcp";"a:mysql:mysql:8.0.26";"PRION:CVE-2022-21427";"prion";"False";"4.0";"http://vulners.com/prion/PRION:CVE-2022-21427"
"91.236.136.166";"3306";"tcp";"a:mysql:mysql:8.0.26";"PRION:CVE-2022-21417";"prion";"False";"4.0";"http://vulners.com/prion/PRION:CVE-2022-21417"
"91.236.136.166";"3306";"tcp";"a:mysql:mysql:8.0.26";"PRION:CVE-2022-21412";"prion";"False";"4.0";"http://vulners.com/prion/PRION:CVE-2022-21412"
"91.236.136.166";"3306";"tcp";"a:mysql:mysql:8.0.26";"PRION:CVE-2022-21374";"prion";"False";"4.0";"http://vulners.com/prion/PRION:CVE-2022-21374"
"91.236.136.166";"3306";"tcp";"a:mysql:mysql:8.0.26";"PRION:CVE-2022-21372";"prion";"False";"4.0";"http://vulners.com/prion/PRION:CVE-2022-21372"
"91.236.136.166";"3306";"tcp";"a:mysql:mysql:8.0.26";"PRION:CVE-2022-21370";"prion";"False";"4.0";"http://vulners.com/prion/PRION:CVE-2022-21370"
"91.236.136.166";"3306";"tcp";"a:mysql:mysql:8.0.26";"PRION:CVE-2022-21362";"prion";"False";"4.0";"http://vulners.com/prion/PRION:CVE-2022-21362"
"91.236.136.166";"3306";"tcp";"a:mysql:mysql:8.0.26";"PRION:CVE-2022-21358";"prion";"False";"4.0";"http://vulners.com/prion/PRION:CVE-2022-21358"
"91.236.136.166";"3306";"tcp";"a:mysql:mysql:8.0.26";"PRION:CVE-2022-21356";"prion";"False";"4.0";"http://vulners.com/prion/PRION:CVE-2022-21356"
"91.236.136.166";"3306";"tcp";"a:mysql:mysql:8.0.26";"PRION:CVE-2022-21348";"prion";"False";"4.0";"http://vulners.com/prion/PRION:CVE-2022-21348"
"91.236.136.166";"3306";"tcp";"a:mysql:mysql:8.0.26";"PRION:CVE-2022-21344";"prion";"False";"4.0";"http://vulners.com/prion/PRION:CVE-2022-21344"
"91.236.136.166";"3306";"tcp";"a:mysql:mysql:8.0.26";"PRION:CVE-2022-21342";"prion";"False";"4.0";"http://vulners.com/prion/PRION:CVE-2022-21342"
"91.236.136.166";"3306";"tcp";"a:mysql:mysql:8.0.26";"PRION:CVE-2022-21339";"prion";"False";"4.0";"http://vulners.com/prion/PRION:CVE-2022-21339"
"91.236.136.166";"3306";"tcp";"a:mysql:mysql:8.0.26";"PRION:CVE-2022-21337";"prion";"False";"4.0";"http://vulners.com/prion/PRION:CVE-2022-21337"
"91.236.136.166";"3306";"tcp";"a:mysql:mysql:8.0.26";"PRION:CVE-2022-21336";"prion";"False";"4.0";"http://vulners.com/prion/PRION:CVE-2022-21336"
"91.236.136.166";"3306";"tcp";"a:mysql:mysql:8.0.26";"PRION:CVE-2022-21335";"prion";"False";"4.0";"http://vulners.com/prion/PRION:CVE-2022-21335"
"91.236.136.166";"3306";"tcp";"a:mysql:mysql:8.0.26";"PRION:CVE-2022-21334";"prion";"False";"4.0";"http://vulners.com/prion/PRION:CVE-2022-21334"
"91.236.136.166";"3306";"tcp";"a:mysql:mysql:8.0.26";"PRION:CVE-2022-21332";"prion";"False";"4.0";"http://vulners.com/prion/PRION:CVE-2022-21332"
"91.236.136.166";"3306";"tcp";"a:mysql:mysql:8.0.26";"PRION:CVE-2022-21330";"prion";"False";"4.0";"http://vulners.com/prion/PRION:CVE-2022-21330"
"91.236.136.166";"3306";"tcp";"a:mysql:mysql:8.0.26";"PRION:CVE-2022-21329";"prion";"False";"4.0";"http://vulners.com/prion/PRION:CVE-2022-21329"
"91.236.136.166";"3306";"tcp";"a:mysql:mysql:8.0.26";"PRION:CVE-2022-21328";"prion";"False";"4.0";"http://vulners.com/prion/PRION:CVE-2022-21328"
"91.236.136.166";"3306";"tcp";"a:mysql:mysql:8.0.26";"PRION:CVE-2022-21327";"prion";"False";"4.0";"http://vulners.com/prion/PRION:CVE-2022-21327"
"91.236.136.166";"3306";"tcp";"a:mysql:mysql:8.0.26";"PRION:CVE-2022-21326";"prion";"False";"4.0";"http://vulners.com/prion/PRION:CVE-2022-21326"
"91.236.136.166";"3306";"tcp";"a:mysql:mysql:8.0.26";"PRION:CVE-2022-21322";"prion";"False";"4.0";"http://vulners.com/prion/PRION:CVE-2022-21322"
"91.236.136.166";"3306";"tcp";"a:mysql:mysql:8.0.26";"PRION:CVE-2022-21320";"prion";"False";"4.0";"http://vulners.com/prion/PRION:CVE-2022-21320"
"91.236.136.166";"3306";"tcp";"a:mysql:mysql:8.0.26";"PRION:CVE-2022-21315";"prion";"False";"4.0";"http://vulners.com/prion/PRION:CVE-2022-21315"
"91.236.136.166";"3306";"tcp";"a:mysql:mysql:8.0.26";"PRION:CVE-2022-21314";"prion";"False";"4.0";"http://vulners.com/prion/PRION:CVE-2022-21314"
"91.236.136.166";"3306";"tcp";"a:mysql:mysql:8.0.26";"PRION:CVE-2022-21310";"prion";"False";"4.0";"http://vulners.com/prion/PRION:CVE-2022-21310"
"91.236.136.166";"3306";"tcp";"a:mysql:mysql:8.0.26";"PRION:CVE-2022-21309";"prion";"False";"4.0";"http://vulners.com/prion/PRION:CVE-2022-21309"
"91.236.136.166";"3306";"tcp";"a:mysql:mysql:8.0.26";"PRION:CVE-2022-21308";"prion";"False";"4.0";"http://vulners.com/prion/PRION:CVE-2022-21308"
"91.236.136.166";"3306";"tcp";"a:mysql:mysql:8.0.26";"PRION:CVE-2022-21307";"prion";"False";"4.0";"http://vulners.com/prion/PRION:CVE-2022-21307"
"91.236.136.166";"3306";"tcp";"a:mysql:mysql:8.0.26";"PRION:CVE-2022-21304";"prion";"False";"4.0";"http://vulners.com/prion/PRION:CVE-2022-21304"
"91.236.136.166";"3306";"tcp";"a:mysql:mysql:8.0.26";"PRION:CVE-2022-21303";"prion";"False";"4.0";"http://vulners.com/prion/PRION:CVE-2022-21303"
"91.236.136.166";"3306";"tcp";"a:mysql:mysql:8.0.26";"PRION:CVE-2022-21297";"prion";"False";"4.0";"http://vulners.com/prion/PRION:CVE-2022-21297"
"91.236.136.166";"3306";"tcp";"a:mysql:mysql:8.0.26";"PRION:CVE-2022-21290";"prion";"False";"4.0";"http://vulners.com/prion/PRION:CVE-2022-21290"
"91.236.136.166";"3306";"tcp";"a:mysql:mysql:8.0.26";"PRION:CVE-2022-21289";"prion";"False";"4.0";"http://vulners.com/prion/PRION:CVE-2022-21289"
"91.236.136.166";"3306";"tcp";"a:mysql:mysql:8.0.26";"PRION:CVE-2022-21288";"prion";"False";"4.0";"http://vulners.com/prion/PRION:CVE-2022-21288"
"91.236.136.166";"3306";"tcp";"a:mysql:mysql:8.0.26";"PRION:CVE-2022-21287";"prion";"False";"4.0";"http://vulners.com/prion/PRION:CVE-2022-21287"
"91.236.136.166";"3306";"tcp";"a:mysql:mysql:8.0.26";"PRION:CVE-2022-21286";"prion";"False";"4.0";"http://vulners.com/prion/PRION:CVE-2022-21286"
"91.236.136.166";"3306";"tcp";"a:mysql:mysql:8.0.26";"PRION:CVE-2022-21285";"prion";"False";"4.0";"http://vulners.com/prion/PRION:CVE-2022-21285"
"91.236.136.166";"3306";"tcp";"a:mysql:mysql:8.0.26";"PRION:CVE-2022-21284";"prion";"False";"4.0";"http://vulners.com/prion/PRION:CVE-2022-21284"
"91.236.136.166";"3306";"tcp";"a:mysql:mysql:8.0.26";"PRION:CVE-2022-21280";"prion";"False";"4.0";"http://vulners.com/prion/PRION:CVE-2022-21280"
"91.236.136.166";"3306";"tcp";"a:mysql:mysql:8.0.26";"PRION:CVE-2022-21279";"prion";"False";"4.0";"http://vulners.com/prion/PRION:CVE-2022-21279"
"91.236.136.166";"3306";"tcp";"a:mysql:mysql:8.0.26";"PRION:CVE-2022-21270";"prion";"False";"4.0";"http://vulners.com/prion/PRION:CVE-2022-21270"
"91.236.136.166";"3306";"tcp";"a:mysql:mysql:8.0.26";"PRION:CVE-2022-21264";"prion";"False";"4.0";"http://vulners.com/prion/PRION:CVE-2022-21264"
"91.236.136.166";"3306";"tcp";"a:mysql:mysql:8.0.26";"PRION:CVE-2022-21249";"prion";"False";"4.0";"http://vulners.com/prion/PRION:CVE-2022-21249"
"91.236.136.166";"3306";"tcp";"a:mysql:mysql:8.0.26";"PRION:CVE-2022-21245";"prion";"False";"4.0";"http://vulners.com/prion/PRION:CVE-2022-21245"
"91.236.136.166";"3306";"tcp";"a:mysql:mysql:8.0.26";"PRION:CVE-2021-35648";"prion";"False";"4.0";"http://vulners.com/prion/PRION:CVE-2021-35648"
"91.236.136.166";"3306";"tcp";"a:mysql:mysql:8.0.26";"PRION:CVE-2021-35647";"prion";"False";"4.0";"http://vulners.com/prion/PRION:CVE-2021-35647"
"91.236.136.166";"3306";"tcp";"a:mysql:mysql:8.0.26";"PRION:CVE-2021-35646";"prion";"False";"4.0";"http://vulners.com/prion/PRION:CVE-2021-35646"
"91.236.136.166";"3306";"tcp";"a:mysql:mysql:8.0.26";"PRION:CVE-2021-35645";"prion";"False";"4.0";"http://vulners.com/prion/PRION:CVE-2021-35645"
"91.236.136.166";"3306";"tcp";"a:mysql:mysql:8.0.26";"PRION:CVE-2021-35644";"prion";"False";"4.0";"http://vulners.com/prion/PRION:CVE-2021-35644"
"91.236.136.166";"3306";"tcp";"a:mysql:mysql:8.0.26";"PRION:CVE-2021-35643";"prion";"False";"4.0";"http://vulners.com/prion/PRION:CVE-2021-35643"
"91.236.136.166";"3306";"tcp";"a:mysql:mysql:8.0.26";"PRION:CVE-2021-35642";"prion";"False";"4.0";"http://vulners.com/prion/PRION:CVE-2021-35642"
"91.236.136.166";"3306";"tcp";"a:mysql:mysql:8.0.26";"PRION:CVE-2021-35641";"prion";"False";"4.0";"http://vulners.com/prion/PRION:CVE-2021-35641"
"91.236.136.166";"3306";"tcp";"a:mysql:mysql:8.0.26";"PRION:CVE-2021-35640";"prion";"False";"4.0";"http://vulners.com/prion/PRION:CVE-2021-35640"
"91.236.136.166";"3306";"tcp";"a:mysql:mysql:8.0.26";"PRION:CVE-2021-35636";"prion";"False";"4.0";"http://vulners.com/prion/PRION:CVE-2021-35636"
"91.236.136.166";"3306";"tcp";"a:mysql:mysql:8.0.26";"PRION:CVE-2021-35635";"prion";"False";"4.0";"http://vulners.com/prion/PRION:CVE-2021-35635"
"91.236.136.166";"3306";"tcp";"a:mysql:mysql:8.0.26";"PRION:CVE-2021-35634";"prion";"False";"4.0";"http://vulners.com/prion/PRION:CVE-2021-35634"
"91.236.136.166";"3306";"tcp";"a:mysql:mysql:8.0.26";"PRION:CVE-2021-35633";"prion";"False";"4.0";"http://vulners.com/prion/PRION:CVE-2021-35633"
"91.236.136.166";"3306";"tcp";"a:mysql:mysql:8.0.26";"PRION:CVE-2021-35631";"prion";"False";"4.0";"http://vulners.com/prion/PRION:CVE-2021-35631"
"91.236.136.166";"3306";"tcp";"a:mysql:mysql:8.0.26";"PRION:CVE-2021-35630";"prion";"False";"4.0";"http://vulners.com/prion/PRION:CVE-2021-35630"
"91.236.136.166";"3306";"tcp";"a:mysql:mysql:8.0.26";"PRION:CVE-2021-35628";"prion";"False";"4.0";"http://vulners.com/prion/PRION:CVE-2021-35628"
"91.236.136.166";"3306";"tcp";"a:mysql:mysql:8.0.26";"PRION:CVE-2021-35627";"prion";"False";"4.0";"http://vulners.com/prion/PRION:CVE-2021-35627"
"91.236.136.166";"3306";"tcp";"a:mysql:mysql:8.0.26";"PRION:CVE-2021-35626";"prion";"False";"4.0";"http://vulners.com/prion/PRION:CVE-2021-35626"
"91.236.136.166";"3306";"tcp";"a:mysql:mysql:8.0.26";"PRION:CVE-2021-35625";"prion";"False";"4.0";"http://vulners.com/prion/PRION:CVE-2021-35625"
"91.236.136.166";"3306";"tcp";"a:mysql:mysql:8.0.26";"PRION:CVE-2021-35624";"prion";"False";"4.0";"http://vulners.com/prion/PRION:CVE-2021-35624"
"91.236.136.166";"3306";"tcp";"a:mysql:mysql:8.0.26";"PRION:CVE-2021-35623";"prion";"False";"4.0";"http://vulners.com/prion/PRION:CVE-2021-35623"
"91.236.136.166";"3306";"tcp";"a:mysql:mysql:8.0.26";"PRION:CVE-2021-35622";"prion";"False";"4.0";"http://vulners.com/prion/PRION:CVE-2021-35622"
"91.236.136.166";"3306";"tcp";"a:mysql:mysql:8.0.26";"PRION:CVE-2021-35607";"prion";"False";"4.0";"http://vulners.com/prion/PRION:CVE-2021-35607"
"91.236.136.166";"3306";"tcp";"a:mysql:mysql:8.0.26";"PRION:CVE-2021-35597";"prion";"False";"4.0";"http://vulners.com/prion/PRION:CVE-2021-35597"
"91.236.136.166";"3306";"tcp";"a:mysql:mysql:8.0.26";"PRION:CVE-2021-35596";"prion";"False";"4.0";"http://vulners.com/prion/PRION:CVE-2021-35596"
"91.236.136.166";"3306";"tcp";"a:mysql:mysql:8.0.26";"PRION:CVE-2021-35591";"prion";"False";"4.0";"http://vulners.com/prion/PRION:CVE-2021-35591"
"91.236.136.166";"3306";"tcp";"a:mysql:mysql:8.0.26";"PRION:CVE-2021-35577";"prion";"False";"4.0";"http://vulners.com/prion/PRION:CVE-2021-35577"
"91.236.136.166";"3306";"tcp";"a:mysql:mysql:8.0.26";"PRION:CVE-2021-35575";"prion";"False";"4.0";"http://vulners.com/prion/PRION:CVE-2021-35575"
"91.236.136.166";"3306";"tcp";"a:mysql:mysql:8.0.26";"PRION:CVE-2021-35546";"prion";"False";"4.0";"http://vulners.com/prion/PRION:CVE-2021-35546"
"91.236.136.166";"3306";"tcp";"a:mysql:mysql:8.0.26";"PRION:CVE-2021-2479";"prion";"False";"4.0";"http://vulners.com/prion/PRION:CVE-2021-2479"
"91.236.136.166";"3306";"tcp";"a:mysql:mysql:8.0.26";"PRION:CVE-2021-2478";"prion";"False";"4.0";"http://vulners.com/prion/PRION:CVE-2021-2478"
"91.236.136.166";"3306";"tcp";"a:mysql:mysql:8.0.26";"PRION:CVE-2022-21302";"prion";"False";"3.5";"http://vulners.com/prion/PRION:CVE-2022-21302"
"91.236.136.166";"3306";"tcp";"a:mysql:mysql:8.0.26";"PRION:CVE-2021-35608";"prion";"False";"3.5";"http://vulners.com/prion/PRION:CVE-2021-35608"
"91.236.136.166";"3306";"tcp";"a:mysql:mysql:8.0.26";"PRION:CVE-2024-20983";"prion";"False";"3.3";"http://vulners.com/prion/PRION:CVE-2024-20983"
"91.236.136.166";"3306";"tcp";"a:mysql:mysql:8.0.26";"PRION:CVE-2024-20981";"prion";"False";"3.3";"http://vulners.com/prion/PRION:CVE-2024-20981"
"91.236.136.166";"3306";"tcp";"a:mysql:mysql:8.0.26";"PRION:CVE-2024-20971";"prion";"False";"3.3";"http://vulners.com/prion/PRION:CVE-2024-20971"
"91.236.136.166";"3306";"tcp";"a:mysql:mysql:8.0.26";"PRION:CVE-2024-20965";"prion";"False";"3.3";"http://vulners.com/prion/PRION:CVE-2024-20965"
"91.236.136.166";"3306";"tcp";"a:mysql:mysql:8.0.26";"PRION:CVE-2023-22115";"prion";"False";"3.3";"http://vulners.com/prion/PRION:CVE-2023-22115"
"91.236.136.166";"3306";"tcp";"a:mysql:mysql:8.0.26";"PRION:CVE-2023-22114";"prion";"False";"3.3";"http://vulners.com/prion/PRION:CVE-2023-22114"
"91.236.136.166";"3306";"tcp";"a:mysql:mysql:8.0.26";"PRION:CVE-2023-22113";"prion";"False";"3.3";"http://vulners.com/prion/PRION:CVE-2023-22113"
"91.236.136.166";"3306";"tcp";"a:mysql:mysql:8.0.26";"PRION:CVE-2023-22112";"prion";"False";"3.3";"http://vulners.com/prion/PRION:CVE-2023-22112"
"91.236.136.166";"3306";"tcp";"a:mysql:mysql:8.0.26";"PRION:CVE-2023-22111";"prion";"False";"3.3";"http://vulners.com/prion/PRION:CVE-2023-22111"
"91.236.136.166";"3306";"tcp";"a:mysql:mysql:8.0.26";"PRION:CVE-2023-22110";"prion";"False";"3.3";"http://vulners.com/prion/PRION:CVE-2023-22110"
"91.236.136.166";"3306";"tcp";"a:mysql:mysql:8.0.26";"PRION:CVE-2023-22104";"prion";"False";"3.3";"http://vulners.com/prion/PRION:CVE-2023-22104"
"91.236.136.166";"3306";"tcp";"a:mysql:mysql:8.0.26";"PRION:CVE-2023-22103";"prion";"False";"3.3";"http://vulners.com/prion/PRION:CVE-2023-22103"
"91.236.136.166";"3306";"tcp";"a:mysql:mysql:8.0.26";"PRION:CVE-2023-22097";"prion";"False";"3.3";"http://vulners.com/prion/PRION:CVE-2023-22097"
"91.236.136.166";"3306";"tcp";"a:mysql:mysql:8.0.26";"PRION:CVE-2023-22092";"prion";"False";"3.3";"http://vulners.com/prion/PRION:CVE-2023-22092"
"91.236.136.166";"3306";"tcp";"a:mysql:mysql:8.0.26";"PRION:CVE-2023-22084";"prion";"False";"3.3";"http://vulners.com/prion/PRION:CVE-2023-22084"
"91.236.136.166";"3306";"tcp";"a:mysql:mysql:8.0.26";"PRION:CVE-2023-22078";"prion";"False";"3.3";"http://vulners.com/prion/PRION:CVE-2023-22078"
"91.236.136.166";"3306";"tcp";"a:mysql:mysql:8.0.26";"PRION:CVE-2023-22070";"prion";"False";"3.3";"http://vulners.com/prion/PRION:CVE-2023-22070"
"91.236.136.166";"3306";"tcp";"a:mysql:mysql:8.0.26";"PRION:CVE-2023-22068";"prion";"False";"3.3";"http://vulners.com/prion/PRION:CVE-2023-22068"
"91.236.136.166";"3306";"tcp";"a:mysql:mysql:8.0.26";"PRION:CVE-2023-22066";"prion";"False";"3.3";"http://vulners.com/prion/PRION:CVE-2023-22066"
"91.236.136.166";"3306";"tcp";"a:mysql:mysql:8.0.26";"PRION:CVE-2023-22065";"prion";"False";"3.3";"http://vulners.com/prion/PRION:CVE-2023-22065"
"91.236.136.166";"3306";"tcp";"a:mysql:mysql:8.0.26";"PRION:CVE-2023-22064";"prion";"False";"3.3";"http://vulners.com/prion/PRION:CVE-2023-22064"
"91.236.136.166";"3306";"tcp";"a:mysql:mysql:8.0.26";"PRION:CVE-2023-22032";"prion";"False";"3.3";"http://vulners.com/prion/PRION:CVE-2023-22032"
"91.236.136.166";"3306";"tcp";"a:mysql:mysql:8.0.26";"PRION:CVE-2023-22028";"prion";"False";"3.3";"http://vulners.com/prion/PRION:CVE-2023-22028"
"91.236.136.166";"3306";"tcp";"a:mysql:mysql:8.0.26";"PRION:CVE-2023-22026";"prion";"False";"3.3";"http://vulners.com/prion/PRION:CVE-2023-22026"
"91.236.136.166";"3306";"tcp";"a:mysql:mysql:8.0.26";"PRION:CVE-2023-22015";"prion";"False";"3.3";"http://vulners.com/prion/PRION:CVE-2023-22015"
"91.236.136.166";"3306";"tcp";"a:mysql:mysql:8.0.26";"PRION:CVE-2023-22007";"prion";"False";"3.3";"http://vulners.com/prion/PRION:CVE-2023-22007"
"91.236.136.166";"3306";"tcp";"a:mysql:mysql:8.0.26";"PRION:CVE-2023-21982";"prion";"False";"3.3";"http://vulners.com/prion/PRION:CVE-2023-21982"
"91.236.136.166";"3306";"tcp";"a:mysql:mysql:8.0.26";"PRION:CVE-2023-21977";"prion";"False";"3.3";"http://vulners.com/prion/PRION:CVE-2023-21977"
"91.236.136.166";"3306";"tcp";"a:mysql:mysql:8.0.26";"PRION:CVE-2023-21976";"prion";"False";"3.3";"http://vulners.com/prion/PRION:CVE-2023-21976"
"91.236.136.166";"3306";"tcp";"a:mysql:mysql:8.0.26";"PRION:CVE-2023-21972";"prion";"False";"3.3";"http://vulners.com/prion/PRION:CVE-2023-21972"
"91.236.136.166";"3306";"tcp";"a:mysql:mysql:8.0.26";"PRION:CVE-2023-21950";"prion";"False";"3.3";"http://vulners.com/prion/PRION:CVE-2023-21950"
"91.236.136.166";"3306";"tcp";"a:mysql:mysql:8.0.26";"PRION:CVE-2023-21887";"prion";"False";"3.3";"http://vulners.com/prion/PRION:CVE-2023-21887"
"91.236.136.166";"3306";"tcp";"a:mysql:mysql:8.0.26";"PRION:CVE-2023-21883";"prion";"False";"3.3";"http://vulners.com/prion/PRION:CVE-2023-21883"
"91.236.136.166";"3306";"tcp";"a:mysql:mysql:8.0.26";"PRION:CVE-2023-21882";"prion";"False";"3.3";"http://vulners.com/prion/PRION:CVE-2023-21882"
"91.236.136.166";"3306";"tcp";"a:mysql:mysql:8.0.26";"PRION:CVE-2023-21881";"prion";"False";"3.3";"http://vulners.com/prion/PRION:CVE-2023-21881"
"91.236.136.166";"3306";"tcp";"a:mysql:mysql:8.0.26";"PRION:CVE-2023-21879";"prion";"False";"3.3";"http://vulners.com/prion/PRION:CVE-2023-21879"
"91.236.136.166";"3306";"tcp";"a:mysql:mysql:8.0.26";"PRION:CVE-2023-21878";"prion";"False";"3.3";"http://vulners.com/prion/PRION:CVE-2023-21878"
"91.236.136.166";"3306";"tcp";"a:mysql:mysql:8.0.26";"PRION:CVE-2023-21876";"prion";"False";"3.3";"http://vulners.com/prion/PRION:CVE-2023-21876"
"91.236.136.166";"3306";"tcp";"a:mysql:mysql:8.0.26";"PRION:CVE-2022-39400";"prion";"False";"3.3";"http://vulners.com/prion/PRION:CVE-2022-39400"
"91.236.136.166";"3306";"tcp";"a:mysql:mysql:8.0.26";"PRION:CVE-2022-21641";"prion";"False";"3.3";"http://vulners.com/prion/PRION:CVE-2022-21641"
"91.236.136.166";"3306";"tcp";"a:mysql:mysql:8.0.26";"PRION:CVE-2022-21640";"prion";"False";"3.3";"http://vulners.com/prion/PRION:CVE-2022-21640"
"91.236.136.166";"3306";"tcp";"a:mysql:mysql:8.0.26";"PRION:CVE-2022-21638";"prion";"False";"3.3";"http://vulners.com/prion/PRION:CVE-2022-21638"
"91.236.136.166";"3306";"tcp";"a:mysql:mysql:8.0.26";"PRION:CVE-2022-21637";"prion";"False";"3.3";"http://vulners.com/prion/PRION:CVE-2022-21637"
"91.236.136.166";"3306";"tcp";"a:mysql:mysql:8.0.26";"PRION:CVE-2022-21633";"prion";"False";"3.3";"http://vulners.com/prion/PRION:CVE-2022-21633"
"91.236.136.166";"3306";"tcp";"a:mysql:mysql:8.0.26";"PRION:CVE-2022-21632";"prion";"False";"3.3";"http://vulners.com/prion/PRION:CVE-2022-21632"
"91.236.136.166";"3306";"tcp";"a:mysql:mysql:8.0.26";"PRION:CVE-2022-21617";"prion";"False";"3.3";"http://vulners.com/prion/PRION:CVE-2022-21617"
"91.236.136.166";"3306";"tcp";"a:mysql:mysql:8.0.26";"PRION:CVE-2022-21608";"prion";"False";"3.3";"http://vulners.com/prion/PRION:CVE-2022-21608"
"91.236.136.166";"3306";"tcp";"a:mysql:mysql:8.0.26";"PRION:CVE-2022-21607";"prion";"False";"3.3";"http://vulners.com/prion/PRION:CVE-2022-21607"
"91.236.136.166";"3306";"tcp";"a:mysql:mysql:8.0.26";"PRION:CVE-2022-21605";"prion";"False";"3.3";"http://vulners.com/prion/PRION:CVE-2022-21605"
"91.236.136.166";"3306";"tcp";"a:mysql:mysql:8.0.26";"PRION:CVE-2022-21604";"prion";"False";"3.3";"http://vulners.com/prion/PRION:CVE-2022-21604"
"91.236.136.166";"3306";"tcp";"a:mysql:mysql:8.0.26";"PRION:CVE-2022-21599";"prion";"False";"3.3";"http://vulners.com/prion/PRION:CVE-2022-21599"
"91.236.136.166";"3306";"tcp";"a:mysql:mysql:8.0.26";"PRION:CVE-2022-21594";"prion";"False";"3.3";"http://vulners.com/prion/PRION:CVE-2022-21594"
"91.236.136.166";"3306";"tcp";"a:mysql:mysql:8.0.26";"PRION:CVE-2023-21875";"prion";"False";"3.2";"http://vulners.com/prion/PRION:CVE-2023-21875"
"91.236.136.166";"3306";"tcp";"a:mysql:mysql:8.0.26";"PRION:CVE-2022-39403";"prion";"False";"3.0";"http://vulners.com/prion/PRION:CVE-2022-39403"
"91.236.136.166";"3306";"tcp";"a:mysql:mysql:8.0.26";"PRION:CVE-2022-21486";"prion";"False";"2.9";"http://vulners.com/prion/PRION:CVE-2022-21486"
"91.236.136.166";"3306";"tcp";"a:mysql:mysql:8.0.26";"PRION:CVE-2022-21485";"prion";"False";"2.9";"http://vulners.com/prion/PRION:CVE-2022-21485"
"91.236.136.166";"3306";"tcp";"a:mysql:mysql:8.0.26";"PRION:CVE-2022-21484";"prion";"False";"2.9";"http://vulners.com/prion/PRION:CVE-2022-21484"
"91.236.136.166";"3306";"tcp";"a:mysql:mysql:8.0.26";"PRION:CVE-2022-21357";"prion";"False";"2.9";"http://vulners.com/prion/PRION:CVE-2022-21357"
"91.236.136.166";"3306";"tcp";"a:mysql:mysql:8.0.26";"PRION:CVE-2022-21355";"prion";"False";"2.9";"http://vulners.com/prion/PRION:CVE-2022-21355"
"91.236.136.166";"3306";"tcp";"a:mysql:mysql:8.0.26";"PRION:CVE-2022-21333";"prion";"False";"2.9";"http://vulners.com/prion/PRION:CVE-2022-21333"
"91.236.136.166";"3306";"tcp";"a:mysql:mysql:8.0.26";"PRION:CVE-2022-21331";"prion";"False";"2.9";"http://vulners.com/prion/PRION:CVE-2022-21331"
"91.236.136.166";"3306";"tcp";"a:mysql:mysql:8.0.26";"PRION:CVE-2022-21325";"prion";"False";"2.9";"http://vulners.com/prion/PRION:CVE-2022-21325"
"91.236.136.166";"3306";"tcp";"a:mysql:mysql:8.0.26";"PRION:CVE-2022-21324";"prion";"False";"2.9";"http://vulners.com/prion/PRION:CVE-2022-21324"
"91.236.136.166";"3306";"tcp";"a:mysql:mysql:8.0.26";"PRION:CVE-2022-21323";"prion";"False";"2.9";"http://vulners.com/prion/PRION:CVE-2022-21323"
"91.236.136.166";"3306";"tcp";"a:mysql:mysql:8.0.26";"PRION:CVE-2022-21321";"prion";"False";"2.9";"http://vulners.com/prion/PRION:CVE-2022-21321"
"91.236.136.166";"3306";"tcp";"a:mysql:mysql:8.0.26";"PRION:CVE-2022-21319";"prion";"False";"2.9";"http://vulners.com/prion/PRION:CVE-2022-21319"
"91.236.136.166";"3306";"tcp";"a:mysql:mysql:8.0.26";"PRION:CVE-2022-21317";"prion";"False";"2.9";"http://vulners.com/prion/PRION:CVE-2022-21317"
"91.236.136.166";"3306";"tcp";"a:mysql:mysql:8.0.26";"PRION:CVE-2022-21313";"prion";"False";"2.9";"http://vulners.com/prion/PRION:CVE-2022-21313"
"91.236.136.166";"3306";"tcp";"a:mysql:mysql:8.0.26";"PRION:CVE-2022-21312";"prion";"False";"2.9";"http://vulners.com/prion/PRION:CVE-2022-21312"
"91.236.136.166";"3306";"tcp";"a:mysql:mysql:8.0.26";"PRION:CVE-2022-21311";"prion";"False";"2.9";"http://vulners.com/prion/PRION:CVE-2022-21311"
"91.236.136.166";"3306";"tcp";"a:mysql:mysql:8.0.26";"PRION:CVE-2022-39402";"prion";"False";"2.1";"http://vulners.com/prion/PRION:CVE-2022-39402"
"91.236.136.166";"3306";"tcp";"a:mysql:mysql:8.0.26";"PRION:CVE-2022-21460";"prion";"False";"2.1";"http://vulners.com/prion/PRION:CVE-2022-21460"
"91.236.136.166";"3306";"tcp";"a:mysql:mysql:8.0.26";"PRION:CVE-2022-21451";"prion";"False";"2.1";"http://vulners.com/prion/PRION:CVE-2022-21451"
"91.236.136.166";"3306";"tcp";"a:mysql:mysql:8.0.26";"PRION:CVE-2022-21444";"prion";"False";"2.1";"http://vulners.com/prion/PRION:CVE-2022-21444"
"91.236.136.166";"3306";"tcp";"a:mysql:mysql:8.0.26";"PRION:CVE-2021-35632";"prion";"False";"2.1";"http://vulners.com/prion/PRION:CVE-2021-35632"
"91.236.136.166";"3306";"tcp";"a:mysql:mysql:8.0.26";"PRION:CVE-2021-22570";"prion";"False";"2.1";"http://vulners.com/prion/PRION:CVE-2021-22570"
"91.236.136.166";"3306";"tcp";"a:mysql:mysql:8.0.26";"PRION:CVE-2022-21625";"prion";"False";"1.7";"http://vulners.com/prion/PRION:CVE-2022-21625"
"91.236.136.166";"3306";"tcp";"a:mysql:mysql:8.0.26";"PRION:CVE-2022-21595";"prion";"False";"1.7";"http://vulners.com/prion/PRION:CVE-2022-21595"
"91.236.136.166";"3306";"tcp";"a:mysql:mysql:8.0.26";"PRION:CVE-2022-21611";"prion";"False";"0.8";"http://vulners.com/prion/PRION:CVE-2022-21611"
"91.236.136.166";"9999";"tcp";"a:openbsd:openssh:8.0";"PRION:CVE-2020-15778";"prion";"False";"6.8";"http://vulners.com/prion/PRION:CVE-2020-15778"
"91.236.136.166";"9999";"tcp";"a:openbsd:openssh:8.0";"CVE-2020-15778";"cve";"False";"6.8";"http://vulners.com/cve/CVE-2020-15778"
"91.236.136.166";"9999";"tcp";"a:openbsd:openssh:8.0";"C94132FD-1FA5-5342-B6EE-0DAF45EEFFE3";"githubexploit";"True";"6.8";"http://vulners.com/githubexploit/C94132FD-1FA5-5342-B6EE-0DAF45EEFFE3"
"91.236.136.166";"9999";"tcp";"a:openbsd:openssh:8.0";"10213DBE-F683-58BB-B6D3-353173626207";"githubexploit";"True";"6.8";"http://vulners.com/githubexploit/10213DBE-F683-58BB-B6D3-353173626207"
"91.236.136.166";"9999";"tcp";"a:openbsd:openssh:8.0";"PRION:CVE-2010-4816";"prion";"False";"5.0";"http://vulners.com/prion/PRION:CVE-2010-4816"
"91.236.136.166";"9999";"tcp";"a:openbsd:openssh:8.0";"PRION:CVE-2021-28041";"prion";"False";"4.6";"http://vulners.com/prion/PRION:CVE-2021-28041"
"91.236.136.166";"9999";"tcp";"a:openbsd:openssh:8.0";"PRION:CVE-2021-41617";"prion";"False";"4.4";"http://vulners.com/prion/PRION:CVE-2021-41617"
"91.236.136.166";"9999";"tcp";"a:openbsd:openssh:8.0";"PRION:CVE-2019-16905";"prion";"False";"4.4";"http://vulners.com/prion/PRION:CVE-2019-16905"
"91.236.136.166";"9999";"tcp";"a:openbsd:openssh:8.0";"CVE-2021-41617";"cve";"False";"4.4";"http://vulners.com/cve/CVE-2021-41617"
"91.236.136.166";"9999";"tcp";"a:openbsd:openssh:8.0";"CVE-2019-16905";"cve";"False";"4.4";"http://vulners.com/cve/CVE-2019-16905"
"91.236.136.166";"9999";"tcp";"a:openbsd:openssh:8.0";"PRION:CVE-2020-14145";"prion";"False";"4.3";"http://vulners.com/prion/PRION:CVE-2020-14145"
"91.236.136.166";"9999";"tcp";"a:openbsd:openssh:8.0";"PRION:CVE-2016-20012";"prion";"False";"4.3";"http://vulners.com/prion/PRION:CVE-2016-20012"
"91.236.136.166";"9999";"tcp";"a:openbsd:openssh:8.0";"CVE-2020-14145";"cve";"False";"4.3";"http://vulners.com/cve/CVE-2020-14145"
"91.236.136.166";"9999";"tcp";"a:openbsd:openssh:8.0";"CVE-2016-20012";"cve";"False";"4.3";"http://vulners.com/cve/CVE-2016-20012"
"91.236.136.166";"9999";"tcp";"a:openbsd:openssh:8.0";"CVE-2023-51767";"cve";"False";"3.5";"http://vulners.com/cve/CVE-2023-51767"
"91.236.136.166";"9999";"tcp";"a:openbsd:openssh:8.0";"PRION:CVE-2021-36368";"prion";"False";"2.6";"http://vulners.com/prion/PRION:CVE-2021-36368"
"91.236.136.166";"9999";"tcp";"a:openbsd:openssh:8.0";"CVE-2021-36368";"cve";"False";"2.6";"http://vulners.com/cve/CVE-2021-36368"
"91.206.58.106";"80";"tcp";"a:microsoft:internet_information_services:8.0";"CVE-2014-4078";"cve";"False";"5.1";"http://vulners.com/cve/CVE-2014-4078"
"91.206.58.114";"443";"tcp";"a:igor_sysoev:nginx:1.25.1";"PRION:CVE-2023-44487";"prion";"False";"5.0";"http://vulners.com/prion/PRION:CVE-2023-44487"
"91.206.58.114";"443";"tcp";"a:igor_sysoev:nginx:1.25.1";"OSV:BIT-NGINX-2023-44487";"osv";"False";"5.0";"http://vulners.com/osv/OSV:BIT-NGINX-2023-44487"
"91.206.58.114";"443";"tcp";"a:igor_sysoev:nginx:1.25.1";"NGINX:CVE-2024-24990";"nginx";"False";"5.0";"http://vulners.com/nginx/NGINX:CVE-2024-24990"
"91.206.58.114";"443";"tcp";"a:igor_sysoev:nginx:1.25.1";"NGINX:CVE-2024-24989";"nginx";"False";"5.0";"http://vulners.com/nginx/NGINX:CVE-2024-24989"
"91.206.58.114";"443";"tcp";"a:igor_sysoev:nginx:1.25.1";"F7F6E599-CEF4-5E03-8E10-FE18C4101E38";"githubexploit";"True";"5.0";"http://vulners.com/githubexploit/F7F6E599-CEF4-5E03-8E10-FE18C4101E38"
"91.206.58.114";"443";"tcp";"a:igor_sysoev:nginx:1.25.1";"E5C174E5-D6E8-56E0-8403-D287DE52EB3F";"githubexploit";"True";"5.0";"http://vulners.com/githubexploit/E5C174E5-D6E8-56E0-8403-D287DE52EB3F"
"91.206.58.114";"443";"tcp";"a:igor_sysoev:nginx:1.25.1";"DB6E1BBD-08B1-574D-A351-7D6BB9898A4A";"githubexploit";"True";"5.0";"http://vulners.com/githubexploit/DB6E1BBD-08B1-574D-A351-7D6BB9898A4A"
"91.206.58.114";"443";"tcp";"a:igor_sysoev:nginx:1.25.1";"C9A1C0C1-B6E3-5955-A4F1-DEA0E505B14B";"githubexploit";"True";"5.0";"http://vulners.com/githubexploit/C9A1C0C1-B6E3-5955-A4F1-DEA0E505B14B"
"91.206.58.114";"443";"tcp";"a:igor_sysoev:nginx:1.25.1";"BD3652A9-D066-57BA-9943-4E34970463B9";"githubexploit";"True";"5.0";"http://vulners.com/githubexploit/BD3652A9-D066-57BA-9943-4E34970463B9"
"91.206.58.114";"443";"tcp";"a:igor_sysoev:nginx:1.25.1";"B0208442-6E17-5772-B12D-B5BE30FA5540";"githubexploit";"True";"5.0";"http://vulners.com/githubexploit/B0208442-6E17-5772-B12D-B5BE30FA5540"
"91.206.58.114";"443";"tcp";"a:igor_sysoev:nginx:1.25.1";"A820A056-9F91-5059-B0BC-8D92C7A31A52";"githubexploit";"True";"5.0";"http://vulners.com/githubexploit/A820A056-9F91-5059-B0BC-8D92C7A31A52"
"91.206.58.114";"443";"tcp";"a:igor_sysoev:nginx:1.25.1";"9814661A-35A4-5DB7-BB25-A1040F365C81";"githubexploit";"True";"5.0";"http://vulners.com/githubexploit/9814661A-35A4-5DB7-BB25-A1040F365C81"
"91.206.58.114";"443";"tcp";"a:igor_sysoev:nginx:1.25.1";"5A864BCC-B490-5532-83AB-2E4109BB3C31";"githubexploit";"True";"5.0";"http://vulners.com/githubexploit/5A864BCC-B490-5532-83AB-2E4109BB3C31"
"91.206.58.114";"443";"tcp";"a:igor_sysoev:nginx:1.25.1";"17C6AD2A-8469-56C8-BBBE-1764D0DF1680";"githubexploit";"True";"5.0";"http://vulners.com/githubexploit/17C6AD2A-8469-56C8-BBBE-1764D0DF1680"
"91.206.58.96";"443";"tcp";"a:apache:http_server:2.4.56";"OSV:BIT-2023-31122";"osv";"False";"6.4";"http://vulners.com/osv/OSV:BIT-2023-31122"
"91.206.58.96";"443";"tcp";"a:apache:http_server:2.4.56";"OSV:BIT-APACHE-2023-45802";"osv";"False";"5.0";"http://vulners.com/osv/OSV:BIT-APACHE-2023-45802"
"91.206.58.96";"443";"tcp";"a:apache:http_server:2.4.56";"OSV:BIT-APACHE-2023-43622";"osv";"False";"5.0";"http://vulners.com/osv/OSV:BIT-APACHE-2023-43622"
"91.206.58.96";"443";"tcp";"a:apache:http_server:2.4.56";"OSV:BIT-APACHE-2023-31122";"osv";"False";"5.0";"http://vulners.com/osv/OSV:BIT-APACHE-2023-31122"
"91.206.58.96";"443";"tcp";"a:apache:http_server:2.4.56";"OSV:BIT-2023-45802";"osv";"False";"5.0";"http://vulners.com/osv/OSV:BIT-2023-45802"
"91.206.58.96";"443";"tcp";"a:apache:http_server:2.4.56";"OSV:BIT-2023-43622";"osv";"False";"5.0";"http://vulners.com/osv/OSV:BIT-2023-43622"
"91.206.58.96";"443";"tcp";"a:apache:http_server:2.4.56";"F7F6E599-CEF4-5E03-8E10-FE18C4101E38";"githubexploit";"True";"5.0";"http://vulners.com/githubexploit/F7F6E599-CEF4-5E03-8E10-FE18C4101E38"
"91.206.58.96";"443";"tcp";"a:apache:http_server:2.4.56";"E5C174E5-D6E8-56E0-8403-D287DE52EB3F";"githubexploit";"True";"5.0";"http://vulners.com/githubexploit/E5C174E5-D6E8-56E0-8403-D287DE52EB3F"
"91.206.58.96";"443";"tcp";"a:apache:http_server:2.4.56";"DB6E1BBD-08B1-574D-A351-7D6BB9898A4A";"githubexploit";"True";"5.0";"http://vulners.com/githubexploit/DB6E1BBD-08B1-574D-A351-7D6BB9898A4A"
"91.206.58.96";"443";"tcp";"a:apache:http_server:2.4.56";"CVE-2023-43622";"cve";"False";"5.0";"http://vulners.com/cve/CVE-2023-43622"
"91.206.58.96";"443";"tcp";"a:apache:http_server:2.4.56";"CVE-2023-31122";"cve";"False";"5.0";"http://vulners.com/cve/CVE-2023-31122"
"91.206.58.96";"443";"tcp";"a:apache:http_server:2.4.56";"CNVD-2023-93320";"cnvd";"False";"5.0";"http://vulners.com/cnvd/CNVD-2023-93320"
"91.206.58.96";"443";"tcp";"a:apache:http_server:2.4.56";"C9A1C0C1-B6E3-5955-A4F1-DEA0E505B14B";"githubexploit";"True";"5.0";"http://vulners.com/githubexploit/C9A1C0C1-B6E3-5955-A4F1-DEA0E505B14B"
"91.206.58.96";"443";"tcp";"a:apache:http_server:2.4.56";"BD3652A9-D066-57BA-9943-4E34970463B9";"githubexploit";"True";"5.0";"http://vulners.com/githubexploit/BD3652A9-D066-57BA-9943-4E34970463B9"
"91.206.58.96";"443";"tcp";"a:apache:http_server:2.4.56";"B0208442-6E17-5772-B12D-B5BE30FA5540";"githubexploit";"True";"5.0";"http://vulners.com/githubexploit/B0208442-6E17-5772-B12D-B5BE30FA5540"
"91.206.58.96";"443";"tcp";"a:apache:http_server:2.4.56";"A820A056-9F91-5059-B0BC-8D92C7A31A52";"githubexploit";"True";"5.0";"http://vulners.com/githubexploit/A820A056-9F91-5059-B0BC-8D92C7A31A52"
"91.206.58.96";"443";"tcp";"a:apache:http_server:2.4.56";"9814661A-35A4-5DB7-BB25-A1040F365C81";"githubexploit";"True";"5.0";"http://vulners.com/githubexploit/9814661A-35A4-5DB7-BB25-A1040F365C81"
"91.206.58.96";"443";"tcp";"a:apache:http_server:2.4.56";"5A864BCC-B490-5532-83AB-2E4109BB3C31";"githubexploit";"True";"5.0";"http://vulners.com/githubexploit/5A864BCC-B490-5532-83AB-2E4109BB3C31"
"91.206.58.96";"443";"tcp";"a:apache:http_server:2.4.56";"17C6AD2A-8469-56C8-BBBE-1764D0DF1680";"githubexploit";"True";"5.0";"http://vulners.com/githubexploit/17C6AD2A-8469-56C8-BBBE-1764D0DF1680"
"91.206.58.96";"443";"tcp";"a:apache:http_server:2.4.56";"CVE-2023-45802";"cve";"False";"2.6";"http://vulners.com/cve/CVE-2023-45802"
"91.206.58.96";"443";"tcp";"a:apache:http_server:2.4.56";"OSV:BIT-2023-31122";"osv";"False";"6.4";"http://vulners.com/osv/OSV:BIT-2023-31122"
"91.206.58.96";"443";"tcp";"a:apache:http_server:2.4.56";"OSV:BIT-APACHE-2023-45802";"osv";"False";"5.0";"http://vulners.com/osv/OSV:BIT-APACHE-2023-45802"
"91.206.58.96";"443";"tcp";"a:apache:http_server:2.4.56";"OSV:BIT-APACHE-2023-43622";"osv";"False";"5.0";"http://vulners.com/osv/OSV:BIT-APACHE-2023-43622"
"91.206.58.96";"443";"tcp";"a:apache:http_server:2.4.56";"OSV:BIT-APACHE-2023-31122";"osv";"False";"5.0";"http://vulners.com/osv/OSV:BIT-APACHE-2023-31122"
"91.206.58.96";"443";"tcp";"a:apache:http_server:2.4.56";"OSV:BIT-2023-45802";"osv";"False";"5.0";"http://vulners.com/osv/OSV:BIT-2023-45802"
"91.206.58.96";"443";"tcp";"a:apache:http_server:2.4.56";"OSV:BIT-2023-43622";"osv";"False";"5.0";"http://vulners.com/osv/OSV:BIT-2023-43622"
"91.206.58.96";"443";"tcp";"a:apache:http_server:2.4.56";"F7F6E599-CEF4-5E03-8E10-FE18C4101E38";"githubexploit";"True";"5.0";"http://vulners.com/githubexploit/F7F6E599-CEF4-5E03-8E10-FE18C4101E38"
"91.206.58.96";"443";"tcp";"a:apache:http_server:2.4.56";"E5C174E5-D6E8-56E0-8403-D287DE52EB3F";"githubexploit";"True";"5.0";"http://vulners.com/githubexploit/E5C174E5-D6E8-56E0-8403-D287DE52EB3F"
"91.206.58.96";"443";"tcp";"a:apache:http_server:2.4.56";"DB6E1BBD-08B1-574D-A351-7D6BB9898A4A";"githubexploit";"True";"5.0";"http://vulners.com/githubexploit/DB6E1BBD-08B1-574D-A351-7D6BB9898A4A"
"91.206.58.96";"443";"tcp";"a:apache:http_server:2.4.56";"CVE-2023-43622";"cve";"False";"5.0";"http://vulners.com/cve/CVE-2023-43622"
"91.206.58.96";"443";"tcp";"a:apache:http_server:2.4.56";"CVE-2023-31122";"cve";"False";"5.0";"http://vulners.com/cve/CVE-2023-31122"
"91.206.58.96";"443";"tcp";"a:apache:http_server:2.4.56";"CNVD-2023-93320";"cnvd";"False";"5.0";"http://vulners.com/cnvd/CNVD-2023-93320"
"91.206.58.96";"443";"tcp";"a:apache:http_server:2.4.56";"C9A1C0C1-B6E3-5955-A4F1-DEA0E505B14B";"githubexploit";"True";"5.0";"http://vulners.com/githubexploit/C9A1C0C1-B6E3-5955-A4F1-DEA0E505B14B"
"91.206.58.96";"443";"tcp";"a:apache:http_server:2.4.56";"BD3652A9-D066-57BA-9943-4E34970463B9";"githubexploit";"True";"5.0";"http://vulners.com/githubexploit/BD3652A9-D066-57BA-9943-4E34970463B9"
"91.206.58.96";"443";"tcp";"a:apache:http_server:2.4.56";"B0208442-6E17-5772-B12D-B5BE30FA5540";"githubexploit";"True";"5.0";"http://vulners.com/githubexploit/B0208442-6E17-5772-B12D-B5BE30FA5540"
"91.206.58.96";"443";"tcp";"a:apache:http_server:2.4.56";"A820A056-9F91-5059-B0BC-8D92C7A31A52";"githubexploit";"True";"5.0";"http://vulners.com/githubexploit/A820A056-9F91-5059-B0BC-8D92C7A31A52"
"91.206.58.96";"443";"tcp";"a:apache:http_server:2.4.56";"9814661A-35A4-5DB7-BB25-A1040F365C81";"githubexploit";"True";"5.0";"http://vulners.com/githubexploit/9814661A-35A4-5DB7-BB25-A1040F365C81"
"91.206.58.96";"443";"tcp";"a:apache:http_server:2.4.56";"5A864BCC-B490-5532-83AB-2E4109BB3C31";"githubexploit";"True";"5.0";"http://vulners.com/githubexploit/5A864BCC-B490-5532-83AB-2E4109BB3C31"
"91.206.58.96";"443";"tcp";"a:apache:http_server:2.4.56";"17C6AD2A-8469-56C8-BBBE-1764D0DF1680";"githubexploit";"True";"5.0";"http://vulners.com/githubexploit/17C6AD2A-8469-56C8-BBBE-1764D0DF1680"
"91.206.58.96";"443";"tcp";"a:apache:http_server:2.4.56";"CVE-2023-45802";"cve";"False";"2.6";"http://vulners.com/cve/CVE-2023-45802"
"91.206.58.106";"80";"tcp";"a:microsoft:internet_information_services:8.0";"CVE-2014-4078";"cve";"False";"5.1";"http://vulners.com/cve/CVE-2014-4078"
"91.206.58.114";"443";"tcp";"a:igor_sysoev:nginx:1.25.1";"PRION:CVE-2023-44487";"prion";"False";"5.0";"http://vulners.com/prion/PRION:CVE-2023-44487"
"91.206.58.114";"443";"tcp";"a:igor_sysoev:nginx:1.25.1";"OSV:BIT-NGINX-2023-44487";"osv";"False";"5.0";"http://vulners.com/osv/OSV:BIT-NGINX-2023-44487"
"91.206.58.114";"443";"tcp";"a:igor_sysoev:nginx:1.25.1";"NGINX:CVE-2024-24990";"nginx";"False";"5.0";"http://vulners.com/nginx/NGINX:CVE-2024-24990"
"91.206.58.114";"443";"tcp";"a:igor_sysoev:nginx:1.25.1";"NGINX:CVE-2024-24989";"nginx";"False";"5.0";"http://vulners.com/nginx/NGINX:CVE-2024-24989"
"91.206.58.114";"443";"tcp";"a:igor_sysoev:nginx:1.25.1";"F7F6E599-CEF4-5E03-8E10-FE18C4101E38";"githubexploit";"True";"5.0";"http://vulners.com/githubexploit/F7F6E599-CEF4-5E03-8E10-FE18C4101E38"
"91.206.58.114";"443";"tcp";"a:igor_sysoev:nginx:1.25.1";"E5C174E5-D6E8-56E0-8403-D287DE52EB3F";"githubexploit";"True";"5.0";"http://vulners.com/githubexploit/E5C174E5-D6E8-56E0-8403-D287DE52EB3F"
"91.206.58.114";"443";"tcp";"a:igor_sysoev:nginx:1.25.1";"DB6E1BBD-08B1-574D-A351-7D6BB9898A4A";"githubexploit";"True";"5.0";"http://vulners.com/githubexploit/DB6E1BBD-08B1-574D-A351-7D6BB9898A4A"
"91.206.58.114";"443";"tcp";"a:igor_sysoev:nginx:1.25.1";"C9A1C0C1-B6E3-5955-A4F1-DEA0E505B14B";"githubexploit";"True";"5.0";"http://vulners.com/githubexploit/C9A1C0C1-B6E3-5955-A4F1-DEA0E505B14B"
"91.206.58.114";"443";"tcp";"a:igor_sysoev:nginx:1.25.1";"BD3652A9-D066-57BA-9943-4E34970463B9";"githubexploit";"True";"5.0";"http://vulners.com/githubexploit/BD3652A9-D066-57BA-9943-4E34970463B9"
"91.206.58.114";"443";"tcp";"a:igor_sysoev:nginx:1.25.1";"B0208442-6E17-5772-B12D-B5BE30FA5540";"githubexploit";"True";"5.0";"http://vulners.com/githubexploit/B0208442-6E17-5772-B12D-B5BE30FA5540"
"91.206.58.114";"443";"tcp";"a:igor_sysoev:nginx:1.25.1";"A820A056-9F91-5059-B0BC-8D92C7A31A52";"githubexploit";"True";"5.0";"http://vulners.com/githubexploit/A820A056-9F91-5059-B0BC-8D92C7A31A52"
"91.206.58.114";"443";"tcp";"a:igor_sysoev:nginx:1.25.1";"9814661A-35A4-5DB7-BB25-A1040F365C81";"githubexploit";"True";"5.0";"http://vulners.com/githubexploit/9814661A-35A4-5DB7-BB25-A1040F365C81"
"91.206.58.114";"443";"tcp";"a:igor_sysoev:nginx:1.25.1";"5A864BCC-B490-5532-83AB-2E4109BB3C31";"githubexploit";"True";"5.0";"http://vulners.com/githubexploit/5A864BCC-B490-5532-83AB-2E4109BB3C31"
"91.206.58.114";"443";"tcp";"a:igor_sysoev:nginx:1.25.1";"17C6AD2A-8469-56C8-BBBE-1764D0DF1680";"githubexploit";"True";"5.0";"http://vulners.com/githubexploit/17C6AD2A-8469-56C8-BBBE-1764D0DF1680"
